{
	"display": {
		"icon": {
			"id": "minecraft:flowering_azalea_leaves"
		},
		"title": {"translate":"O-Land-o Bloom"},
		"description": {"translate":"Discover a blooming biome"},
		"announce_to_chat": true
	},
	"parent": "blazeandcave:biomes/one_small_steppe_for_man",	
	"rewards": {
		"function": "bacap_rewards:biomes/o_land_o_bloom"
	},	
	"criteria": {
		"blooming_plateau": {
			"trigger": "minecraft:location",
			"conditions": {
				"player": [
					{
						"condition": "minecraft:entity_properties",
						"entity": "this",
						"predicate": {
							"location": {
								"biomes": "terralith:blooming_plateau"
							}
						}
					},
					{
						"condition": "minecraft:inverted",
						"term": {
							"condition": "minecraft:entity_properties",
							"entity": "this",
							"predicate": {
								"type_specific": {
									"type": "player",
									"gamemode": ["spectator"]
								}
							}
						}
					}
				]
			}
		},
		"blooming_valley": {
			"trigger": "minecraft:location",
			"conditions": {
				"player": [
					{
						"condition": "minecraft:entity_properties",
						"entity": "this",
						"predicate": {
							"location": {
								"biomes": "terralith:blooming_valley"
							}
						}
					},
					{
						"condition": "minecraft:inverted",
						"term": {
							"condition": "minecraft:entity_properties",
							"entity": "this",
							"predicate": {
								"type_specific": {
									"type": "player",
									"gamemode": ["spectator"]
								}
							}
						}
					}
				]
			}
		}
	},
	"requirements": [
		[
			"blooming_plateau",
			"blooming_valley"
		]
	]
}